-0.012580713544449774,-0.9809783848340637,1.6019206357981792,-0.6207411096165956,-1.438614696322509,1.1334086921163093,0.4641692719464681,-0.452291377816608,0.246735023979265,-0.5437939194829293,-0.5756415085010942,0.6622328956841962,0.22214574174170262,-0.43447034010404645,0.10222343681134487,-0.6443010321937709,0.4290395573045327,-1.0490421982747713,-1.079165085794837,-0.6229946452780131
1.552970073483058,-0.03594969328638739,-0.3367940298066893,0.5179046306673708,0.5384818144810667,0.5167830912817425,0.20926776024244426,0.7160581565827036,-1.923255727805711,-0.16421559225088775,0.034879919713489575,-1.3610024188249432,1.5965194303231087,0.4332173034459968,0.989278652499713,-1.1387256812471416,0.40635524275071594,-2.5630488488934637,-0.9372041356420001,0.9652558896177978
-0.2656422846410648,-2.3821344364367585,0.09042641441945003,-0.3542860961554242,0.4754259579435759,-0.16787736968951628,1.1688206958316725,-0.667449126539678,0.13126227637262627,-1.563617906721597,-1.7459226346661572,-0.33278275151818176,0.10612661831709116,-0.6829147870605966,-1.34754553704036,0.9045330145166144,-0.5876568181743058,0.33660577063654623,-0.7826830270112304,0.03712217304370732
-0.001243265946332738,0.6130120378776087,0.6960629181377127,-0.31157483507757555,-1.5737116849726502,-0.4429550538729421,-0.5577654059184873,0.9223205213470568,1.5345830968201708,-0.7512142472973822,0.5683237200512887,-0.5619131438362561,-1.3190711991816302,0.10863496066791797,0.5424676353827963,0.9065419930905768,0.1891919735657305,-0.14204727676332243,-1.454421850450812,-0.08727894925051392
-0.1316765343076971,-1.0597969090642352,-1.2759884500426704,0.22897702115736066,0.2196319568774,-0.12477647656317568,0.6551663215962099,0.7496474846323508,0.42522744174018434,1.672526168129162,1.4869249602557462,-0.9689186993168587,1.0921998517060518,0.16814114862337143,0.40989324918841513,2.4279838866551895,0.10104296115875977,0.15476159950321716,-0.8313188474615684,-0.6572525424910023
-0.136662730214357,0.4041478360339097,-1.681948823952413,-1.2645850424226508,0.4498386555114514,0.3678153918262894,0.0016212868926987205,0.10369370367836733,-1.1740191796356756,-1.2971033355351271,-0.12758642067767226,1.1668745855571179,-2.0154920317943863,1.727878132630098,-0.7705811668076504,0.6255766456946634,1.1428898446493874,0.5431462864321437,0.2977385595151745,-0.601670322762602
-0.8366794666293034,-0.150518303830374,0.21687378857288617,0.2250984747936667,-0.816683689495793,-1.8823583450050405,0.5233990268084673,-1.0951117076349113,1.40590807354435,1.782050435450183,1.597066025346891,-1.0922410527951993,1.0090232421271363,0.18436797427100662,-0.46416746770096196,0.40392067298728024,-0.2426631317102905,-0.5792986879876467,-0.28132848962073503,-0.6942375730931406
0.025391153843347367,0.6045031343612545,0.41760355462358395,-2.2350854228277703,0.024899796065332536,-0.9559183218259854,0.7708746520199423,-0.48615111737770056,0.9681740548830455,0.5149934356476403,1.0678197247390593,0.7602216150314802,-0.16766330452229508,0.44178173074056465,0.666047595731145,0.9262877400751222,0.14082171019191755,1.89593013213688,0.6174295654801104,-0.31064334248218683
0.39075873863532246,-0.8488091216342644,0.6980131828940296,0.4756223968890477,-1.385718794308413,1.558199452440614,0.041106178955606004,-1.0331883969128708,-0.5572119154804562,0.27908906905029346,1.1144300527900441,1.5134113479386833,0.8377195450994457,-0.6627126219262545,-0.8373817870023477,-0.5633184979868708,-1.519900857161939,-2.8277720769808625,2.932040086569344,0.031025637611453438
-1.4293368189238016,0.7146875665183767,-0.9144090762998888,-0.9375060038403482,-0.5506709885113421,-0.6162980575126502,0.24765137613458216,-0.07373311169153828,-0.1715828185883343,0.9210225281439388,-1.5451228735107208,-0.34089734364922175,-0.9478928588265346,0.1656001868975398,0.22560506401161007,-1.0427541897999815,-1.291728597756244,-0.15446698950351428,-3.030233999119605,-0.2791727268407768
-0.6070715722643092,0.8363494718763284,0.2909406496477978,-1.2751529053367812,2.480802625451823,0.13180014397537518,-0.9568055359106418,-1.4686372671409174,-0.01567574790099344,1.2291724848649201,0.7605060584193085,-1.796061309542371,-0.4570406507413958,0.1838432914009936,-0.596645215023737,0.10035139295296966,-0.26451688770777637,0.7969434996766934,0.0534924194969173,1.2029353813671282
0.368229517252274,-0.7126653405723125,0.379889426926746,2.5193896880575246,0.5103496119045614,-0.037935028516736115,1.682234324636691,-1.453920050371166,-0.25799466410444993,1.0861272551627956,-0.32279547641849987,-1.5725364559737183,1.215520808424786,-1.0891067511846235,0.03382275326286439,-2.441251817915453,0.7236360170561583,0.8686257893695285,-1.1214061265851332,3.3712884553377513
1.290975478788001,-0.05034273949436916,0.9237994752497036,0.237745847313437,-0.46774861641908055,-1.5495179893630373,-0.9485146886167783,-0.6574654637652788,1.3721623591513357,-0.046362048049976075,-0.6239108223626855,-1.2995773265915187,0.6483118057660582,-0.8532489037882105,1.3957612682780531,1.327984658700651,-0.8927274138285394,-0.5574274791042158,0.02316897499326505,0.5785082424213231
-0.3579294145187011,0.16808583091029866,-1.881816143048421,0.4340047217945898,-0.34757486099872126,0.68404207938986,-0.4512093334244976,-1.8647888828285115,-0.2929222422161573,0.09781801116305522,-1.7092766037763387,-0.7091733396411083,-0.07354213496956956,-0.5453841759581588,-0.7908631743891006,-1.8297555338438787,1.0504018705292781,1.1491657698410105,0.269861165488775,-0.7270042127329973
0.27405230254535906,1.498957120646366,0.12538671050909297,-1.0063613024511058,0.14438814007307685,-0.40928461612456946,-0.9410290140596386,-0.9056542777826723,-0.3859713366617369,-2.2273254122757495,-0.9712059292811521,0.8078301458725949,-2.2961492358910096,0.14328227442903166,-0.5260637060290019,0.7587678749234122,1.4074638592020723,-0.014505905847285887,-0.8038107393266156,-0.8032506336376091
-0.4655311937238525,0.4774992547099035,-0.24809494710196867,0.5847403416341497,0.05069295494997236,0.42845224574441365,-0.756260506258611,1.3473784088195742,0.061777019101812436,-0.46394035100335324,-1.6937941051919005,0.9589767148919136,-0.955817474232431,-2.173206994274369,0.49785934403517174,-0.0014155418410161107,-0.2404586991566077,-0.3903037240745504,0.1733737565056075,-0.7129570991851599
0.5359543393417832,0.4549701835001678,-0.08405849044911025,0.27130503481155743,0.061754722244227345,-0.17365706322470384,1.3863637980481303,0.8579526733276311,-0.1438609161187376,-1.525499976886869,1.7740225956157274,0.1837592086110981,-0.3558831590679819,-0.07956599934662384,0.22067646489919168,0.7981964714748198,0.8984936973252209,1.4880098610642356,0.49756789624369036,0.7183855227096617
-1.5373286244631408,0.24102582140472756,0.6961972706199064,0.0472119306193153,0.4304100256026833,-0.07745264606553588,0.7206678802878157,-0.6493773722330218,-0.9757587007698347,-0.46882038214089533,-1.5708534970341783,2.5592482057917945,1.4411701943908162,-0.7459596452890335,-1.4377427460521444,0.41941795992112924,-0.037366131796910035,-1.417911338897467,-1.6267901625128518,-1.7595784929950982
0.7679720505599501,-0.765037363743925,0.3985460815186565,-0.5209878524929733,1.7129434819931235,-0.5189955082303779,-0.4821353351427819,0.6024895262067285,-0.19755777674045402,0.9619783869446784,-1.581570634587009,0.45245265301574217,-0.2358689507171128,-0.7225052043530857,-0.21586461655720157,-0.42323578398613604,1.1896003764675231,-1.1258359680033823,0.30833216936250146,1.3225497525320715
-1.3535454297097753,0.101525082213337,1.441879288953827,0.16645012611901203,-0.31443016906456234,-0.8473565649874142,0.5929710215401703,1.5903223615492235,-1.5948876553055336,0.1495612445122189,1.7002692509152806,-0.8237839500796703,-1.0470866162105754,-1.7001654033067706,0.8563646899603294,1.0356027362822227,0.935842132784124,-0.08620326689923545,-2.1702001842597842,0.5597699108410328
2.0152992259886737,-0.7947359204674284,-0.6497058332096398,-0.7153776156835293,-0.5318607015088184,0.5570110615831961,2.0325177029717114,-0.5690790470062168,-0.038285478528214345,-1.479541229266939,0.8883340796099883,1.2172397519882117,0.5910888335507918,0.18720722781370305,0.021200503862768064,1.0187823954088404,0.3985788557172882,-0.489726187551519,-0.2288764675558528,1.0510624511241293
0.7347862442407825,-1.1261714196443013,-1.127303218620969,-1.5677898766355263,0.8923128904772892,-1.2734428811666532,1.9899486701884557,0.9070193767443693,-0.7059705005169894,-1.3546497912308937,1.1206950140612966,-0.27607339267533254,-0.5397184454554492,-0.516858155787131,0.6367833679001227,0.14299625512560768,0.9085964050184658,0.17525575133969276,0.7592541314120068,-1.3550328040406305
0.7396261875867349,0.29081037012747185,-0.7806180040229866,1.0136079902738009,-2.1003326091640666,0.04982236329650051,-0.6022568951847095,-0.790192344477681,-0.7238346478488453,-1.2605349370766492,-0.9535148477899478,1.0087125296930715,0.7681277440385783,-0.7079489316063524,1.0014081120944467,-0.39960694558357074,0.7150781995339953,0.937416760208796,-2.522031865916178,-0.07117876618264637
-0.7144878378257755,0.5886551444359585,-1.0724395406299416,0.7332128542090761,-0.5441255623487516,-0.010281200401856195,0.21509980917683597,1.24557943695485,-0.6187609352804003,-0.31026396941021955,-0.19083963772021373,1.265859854621198,0.9827262255704091,1.5067424195877352,0.06617237859059771,-0.1833488288120866,-0.8774027608015637,1.1567943379824197,-0.45576193767840795,-1.5091782211968197
1.3112069316886896,-0.8466822244584029,-1.20746062747182,0.484336245263486,-0.70044651890716,0.03427933534225531,-0.41896820173180915,0.09571374625772387,-0.7780485654122722,0.0011028446416038774,-0.8524868625058716,0.45844071266179953,-1.0248515598068606,2.0744638076418114,0.15560803621513522,-0.22708152562578712,-1.0230684223383262,-1.2129000104515872,1.893262536306102,0.016077842033355386
-0.394077831717844,0.3085202873465248,-0.40015712585806357,-0.8941874905599182,-0.06454128820137038,-2.1004836671022886,-0.33271559178040794,-0.22925471776518014,0.10272154073926408,-0.5368159031340891,-0.6175234537693982,0.19157207287582473,0.1554156497727638,-0.3182984677333675,0.9956168390744741,-0.8759310297447475,0.33548048081874315,-0.13592481462322006,0.6980788490685762,-0.9444097810859257
-0.48198246456610705,0.06708721312743696,-0.6412305174178261,0.7603313209389054,1.3601375682336907,0.6221461969160862,-0.8398011545330909,-1.2637304243995207,-0.6470844191155418,1.5904868315074403,1.3457258265490173,-0.5138711701400808,-0.932224397411074,1.28939335928384,0.48937678182618966,-0.1706481591936032,-0.08936759343223569,0.929579389224785,0.26504478100998824,1.0689275019395112
1.4864784906675739,-0.27488038435796264,0.0952062777000885,-1.0611308955495657,1.8608474878956311,0.5016209562119814,1.4982329364329505,-0.6039642135538076,0.049175012431281195,1.4136857581959263,1.704493906353544,0.03062607114004119,-0.7254362087676168,-0.14171633924228388,1.0262710800523054,-0.5829979306247914,1.1638921352119522,-0.28004736765338023,-0.2804876926499259,-1.4188033804121774
0.4035092291606926,-0.5644352183570683,1.048601520614154,0.5601747670238695,1.4415985444307122,-0.9374685753442916,0.0954169530890863,1.0465917744137756,-0.7231252452087208,0.8595632647913395,-0.20773011494414684,-0.7035733743398817,-2.018210047546396,-0.18170656472414332,-0.37865611832712354,-1.3895216145269054,0.4445444568319532,-0.19774056453177136,-1.5706887669679868,-1.309608096175114
-1.0803721822670884,-0.3540883151229706,-0.6576349419709913,-0.8384265065646075,0.04172728780946694,1.3454262469180909,0.2089802405828639,0.7384299326208562,2.1602850612007236,0.6338801166036735,-0.5682193529440738,-0.7048482423973603,-0.3245644511252811,-0.5693838330362938,-0.2888043828071123,-0.8755602531094621,0.8762545976057701,-0.5408314247597688,-0.7732489853980142,0.27297484844324055
0.36272162245882156,-0.34558677074225924,-1.2535121715992803,1.5488478288171632,-0.8271303587037756,-1.1740236926255523,-1.156039733258677,0.8352133855993304,0.22753068831057738,0.1867623893336149,-1.5024326030274036,-1.1672892977081628,-0.08638990670659874,-0.09858862057677382,0.7306028135409276,-1.3134837665379198,0.3193221917262425,1.13821739701825,0.12220956693156915,-0.7624808254155901
-1.0149128256638424,-0.3424087929132711,-0.4211179110182796,0.7340611545403304,-1.5260776095637394,-0.5182686210999963,-0.7363080236168967,0.9645314886440011,0.8500029122714863,0.41854223572136734,-1.5806440530355308,-0.130353326913793,-0.41743231604013026,-1.1939214791610075,-0.7852676213910712,2.427338600655148,0.38661834165295467,1.0476027081540062,-0.3317926767342693,-0.16768785593761168
0.8760070381326552,1.4126640567316266,-1.8418389048424435,0.39357440416966655,-0.9869087410265194,0.5403651640111948,1.091008080019725,-0.10838989601474149,0.5251395998783864,1.4816482585919795,1.2949131961130944,-0.7531465983384739,-0.5828821923217145,-0.004006318915959732,0.9820467147682616,-0.5742534215730747,-0.142183616181767,-0.6035622395508378,-0.7833947974577942,1.7921903573121634
-0.3184250976239252,0.30287894478458793,0.5568705428709532,0.8979197887076318,0.043750090549937524,-0.4773894241360488,-0.42610162317433337,0.664025544411927,0.2577569964491745,-0.3878676362033943,-0.7861765374727003,0.12220642571702314,0.31146452601342073,-1.4102564229668293,-1.482108351122294,-0.15622948928909716,-0.6096299488220388,1.013252305860646,0.4691796332178811,0.007368738213858935
-0.7729055738142913,-0.024303667375958828,-0.43484631827793807,0.5134097467059244,-1.8200660073925585,0.04344037526784642,-1.1420865850142339,0.11712578487530821,-0.5300580084997929,-1.87670551479942,0.9655990443478188,1.2771445283004053,-0.6075016754094977,3.368948191826437,0.059330674464621785,1.3078800002106141,0.06514680259158885,0.46433382482657815,-1.698736798602911,-0.4738616059249219
-0.16914469636526605,-1.2934769480764507,0.4229286889641819,-0.3146468617072765,-0.5114112191431099,0.1565219491460193,0.3085545325415749,-0.1770140227506622,2.7798680609143256,-1.4265822800155892,0.8009918194071212,-1.7832141603917533,-0.43773989132156677,-1.6456081525240633,1.5396054960456822,0.17831115941625675,0.28537917199388757,-1.9852749572181325,0.7226205489864065,-0.46225576662898565
1.5953245145831298,0.49878457986158314,-0.5097412835826759,0.703697441632554,0.8224206413943155,0.17532271219208426,2.230050255617228,-2.1925429873262368,0.13597813363327513,0.6084820098167733,0.12067843498636224,-0.0558480338339321,1.7066355554723787,-0.1649800312494575,0.40027365326772274,0.018645340084738178,-0.4514073805983926,0.24286045245636412,-0.16934524716631624,-0.7253608343278634
-0.4854027370978994,2.171382361166884,-0.7200389126552956,0.8758609163301597,-0.7333967645793937,1.333666148484435,2.1681862896746757,1.0322420831717,0.6854081264030791,0.20928719657008008,-2.4378260465287593,1.3329808573997777,-0.9581967146097095,1.4958370036782855,0.08795525642108343,0.5009619897709624,0.7676112030272643,0.1347795305063474,1.3261372362075037,2.691993687708383
-0.5891460534086201,0.7604498080087622,0.5458616155666574,0.9694507915694832,-0.48834667096889145,-0.09778709433824212,1.5403935365893542,-1.5554413489092875,-1.7548697100245017,0.8036989885661793,0.33488316478890306,-0.09223509556552428,0.5650293331554118,-1.213395410965551,2.405934206796876,0.2842777979186716,-0.08692087729840002,-1.2644291275320259,-0.7053670645467119,0.8098424416778974
-1.6216061807425513,1.4350217319409269,-0.1497033156278801,-1.282854536034592,-0.2739022506853228,-1.0025640918827035,-0.684500787554256,-0.3924276412803349,-0.764424529131209,-2.456066775897297,0.9146214955784612,-0.0896557774605051,-0.8940207735121126,-0.5121791340829105,0.12052036042604683,1.6485679723185191,-0.7051464100948623,2.2876409318273634,-0.7773858006208133,0.23070412229280318
-0.3744030772821165,1.5180151211835229,-0.22123106051802194,0.8434695020376618,-0.2708466683640172,-0.4543986601156928,0.34764916890576114,-0.3147242430945921,-0.4852066725299512,-0.4232249926256277,0.8231926925603403,-1.378986409487416,0.4691915665617144,-0.09262448825474215,0.8551985479961867,0.3572477057617387,-1.1818077642952276,-1.355957119841039,1.5162816253859446,-0.6239424099555091
0.11303346392347285,-1.0320422414960504,-1.525038220079456,-1.1855392977997463,-2.1503680928946634,0.985976078707123,2.1676775793454666,0.6613105693029759,-1.238915727850818,0.8146051690036981,-0.5637783568013348,1.0576150836135094,-1.0886816369773407,-1.4147709765305216,-0.4894625177740618,-0.7633680652265473,0.09760106319403258,0.48101307824359446,0.9272214662830859,-0.798555061502314
0.8604005934926501,-0.11704156996297806,0.3024059168381058,1.7548142005766638,-1.4440739549175061,0.026948431621208132,0.3547785566004617,-0.44856611149940484,0.6187878467970439,-2.478656000733202,0.46447124207489243,0.647993398968408,0.5620925092868917,-1.2531104393592754,0.9055388013078235,-1.2908175885513118,-0.21054525069420246,0.3246034667806263,-0.27225854431999075,2.102894354366888
1.232900107948615,0.0587448302848067,-1.5105184475697917,-1.4682851542402002,1.2014832399399336,-0.8466203518472276,-0.8101499871358918,0.42119080514546325,0.5599630162977915,0.05783838707195958,0.3584187708694291,0.5367040272713735,-1.0246916671458166,-0.8419152279295333,0.41944431008277844,0.5499631869832451,-0.061284306446796034,-1.0479221904335536,0.8225507001884834,0.804075022390738
0.28331193127364235,0.24624747930848073,-0.6836405716661681,1.4629126247710595,0.6270935535780354,0.344706992068027,1.3740452643801433,0.08372063381215276,-1.5674552746303054,-2.4610435022411172,0.623168180473521,-1.7648677836676103,-1.4160233013676355,2.7418186254277677,2.5161695654462455,-0.6992566892134885,1.9421553521518597,-0.7864286628388303,2.7682206525970523,1.6984232177551801
-1.4070034342867235,-1.3686905149366522,-3.291945025333652,0.764285015827814,-1.2521860719093016,1.2840678697054666,-0.25126496276312055,0.5886395298783424,-1.6245687442953891,-1.0019917028463081,-0.48482808701335117,-0.38082290649367306,-0.2961635733346886,1.3188127659977085,-0.09063358495350361,0.9378851409308552,0.42930936761439836,-1.2336446487806,-1.4686165270600413,1.1894142109750316
0.9415937529709689,0.22879294036616787,-0.6140778789152788,0.18450621445491014,0.23393835590127687,0.523840245264799,0.21375325700943665,1.3470386445904556,0.018839414908856718,0.7253407515121135,-1.2570162129710338,-3.061933384774527,-1.704093090133741,-1.6029062749538168,-0.8478328792306076,1.1273419879410325,0.13383766289041976,-0.9168438268763954,0.47325562372107116,0.7236691655994147
-1.3951919351983106,0.6675674781798452,2.2613150586446533,1.8460940921570168,0.3540094087623159,-0.03465007212060302,-0.44208297266286434,-0.9145755166259991,-0.1782913248596621,-0.01550124483775371,0.793428054897756,-0.727832413427436,-0.35675627798305465,1.0363687172060774,1.6494271043602287,-1.9496970635795665,-0.5727020172294457,-0.43236928087830223,1.660058563805057,1.2342793737551172
0.27966728563668664,0.5857782702154933,-0.3758670027180427,1.8979337655051045,-0.10049570338123899,-0.22339687359266402,0.0002808071346178008,-0.4498911668294653,-0.9675573101179641,-0.4792639594110942,1.0389302015832562,-0.7525399974229439,2.126218965588669,-0.5884228957588408,-1.1535555665586261,-0.2960504623078266,0.8292150270654028,-0.5650562271836854,0.7371830592278229,-0.442016416704287
-0.626560506250774,0.412998986619873,-0.7873758041341911,2.5189715196167244,-0.48434761084837924,-0.22930018769588645,-2.67608440490037,-1.4510856914530563,-0.09574143914416877,1.8496336269406046,0.2736632492888594,-0.470463369351143,0.6580521113641432,-1.8028997939852938,1.4869003780354086,-1.1352123710603352,-2.4529736542716236,0.7816728990001166,2.035388559697468,1.5073377784495574
-1.679692276688652,-0.5252737641144991,0.8803073235761774,0.27807309742399994,-1.1960495425299973,-1.4584564613913156,-0.03912640242571913,-0.7205507408509003,1.5026271943250162,0.35454707875871777,-0.694326342867745,-1.082314401782361,-0.8381788678387955,0.7255243115476362,-1.4673059282575367,2.0592584048933635,-1.897944373982192,-0.8430548401801619,-0.722300598931277,-0.287527376450345
-1.2012768398171882,-0.1389274207987065,0.341178984835456,0.16381881745974936,2.078384087232057,-0.27088521156085527,0.8331761212108931,0.36572471446302374,-0.6273764974057476,-0.3626244350746659,0.011016335722720826,0.5152782314528727,0.7409797452658772,0.18253484293521563,-0.23696434229686197,0.750562124510246,-0.24846610154836554,1.1634270160826434,-1.3599202514258253,0.6912433527468391
1.2519677114401226,-0.030390764200076765,0.7956780422486145,0.5716313766090138,-0.15000839961268808,-0.36434888085414374,2.1038174454998706,0.9877023723183037,1.0730246545512434,-0.44232825963811223,-0.187003074807486,0.7517533896124033,-1.2248974278912272,-0.07957840019731631,-0.4003374690942645,-0.6400754332409394,-0.9039975383832951,1.290270743808432,0.8602262768363823,-1.8074614715330453
-0.6867162402846493,-0.6670119063345261,0.7476427967505622,-0.020168185581844248,-1.9752837276792496,-0.42224374302168666,-0.7285302448296698,-0.1353143537474744,-2.0510696523529934,0.17612587314868836,0.5026937018864156,-0.1432077350152851,-0.08721949032662993,-0.01766160685596185,-0.24190992787775348,-0.30701092156522214,-0.08385127741528578,1.1513714474723737,1.274628673261265,0.9674274898354553
-1.2258557451840542,0.5220740098329392,0.3891171810674884,1.2610688621856139,-0.13017652580544173,1.4344593850553002,-1.0449730029681221,-0.2979692659437019,-1.1082684414158543,-0.5359934988909619,2.2320240116534764,1.5593503910272613,-0.5589574443150441,0.4935663787009375,-0.9585332059478116,0.4462265824212964,0.07656448293813933,0.64961089429394,-0.5012888322551816,0.7114173075151332
1.8088222291054785,-1.3488489592759294,-1.1757840337729828,-0.0070407322423342395,-1.4959559231830912,-0.047900687693826965,-1.3100042088049588,-0.12053472371330963,-0.21271590466439702,0.9195232036515802,-0.48848967216505096,-0.12083872116110839,1.908634960927694,-0.939833197890392,-0.6192358957624038,-0.5208936722646963,-1.3183030242788345,-0.2989025793894489,0.5451711523267778,-1.4990521118769782
0.9277555640715611,-0.9859082761992146,0.07169432685496677,2.5590127249511463,-1.9501133111853666,1.2998533289277516,1.2586783292851829,-0.2506144132318429,-1.030905484639056,0.8060512195135572,-0.16851775764570504,1.7304084854723891,-0.23438870791356498,-0.19044641605737048,-0.15913390381864012,-0.6530986314413235,-0.06942780989577584,-0.8712025727449553,-0.7860214147503648,1.3910207841881066
-2.3245804779067023,-0.48438873808098465,-1.2195396737513122,-0.6541637731124603,-0.5397358317204348,0.06530778887872596,0.6661390317643161,-0.871328703864064,0.67928986623408,1.447134321695489,-1.1323832669703948,0.02954211330601268,2.76267239243169,-2.267596454816887,0.041105814582922943,0.715195878190914,-0.314851933836043,0.6382938644032569,-0.5663070496393056,-1.3196642608703057
0.7003540885554632,-0.6546353049080097,0.042670010484337134,-1.043518742553329,1.9966075745118044,0.3366336576324548,-0.5803706589977079,0.144900792402552,-2.6367708168075965,0.6877350794503703,0.9077287424694787,0.283537910947141,-0.13409751036296277,-0.7782298765450311,0.6322699211269277,-0.32274011965970933,-0.8989101407659708,-1.5854814712654468,0.7743139728457571,0.6423570644295167
-0.5283585428963451,-0.06580053993417237,0.7326204184689482,-0.561386046235618,1.4088340915942408,-0.439115241003684,0.7314406889090183,0.47769793050434867,0.7303879244433585,-0.9620169965214226,-0.06810458359752505,0.3528514112598937,-1.0357604989069247,0.7428643231559681,-1.9756055043262102,0.5073594668047133,-0.005526094720440091,1.3785678549938554,-0.8252315123221884,-1.508248202294721
0.6378645300751177,1.1650194307227806,-0.05830747904433251,-0.46559620131076157,-0.7104795686788465,-0.17566939881117638,1.6179809489270363,-1.3301586870646185,-3.3231264776309364,0.49198724550395107,0.23504488398972825,-0.6671235744163436,-1.6666230812177114,-0.3891843633255339,-0.22790774588485085,0.8668700680516827,-0.38504441830440855,-0.2786988379029449,-1.122287293483667,0.8158616201836281
1.172435273073181,1.4689089282275996,-0.6162688363351926,0.3536582234706366,0.3656451120908501,-1.5426633403289944,1.1805534659429702,1.2936860312669152,-1.591398947112941,0.18730369181704812,-1.0398042009317807,-0.7381074220458841,-1.5650731840377572,-0.5474175941282527,0.6251454144102494,0.2106979088929167,1.1359918695737228,0.6877150035568647,0.7292248987560803,0.2911112624721023
-0.42405390728717823,-0.2150261861557473,-1.3871416052454943,0.9559754472670376,-1.8567376876434571,1.5202546125157668,-0.8035996404030007,-0.03362612167916133,-1.1808281409730106,-1.5955148898545277,-0.5233179252371167,-1.3136970328818685,0.2052407990595895,1.2449309285547823,-1.1884944460881404,1.3065049146970074,-1.4275807364322743,0.4754650675501648,-0.43009507848181955,-0.6904154146021249
-0.6964725196297674,0.8280055968835351,0.6130719239635424,0.10416685803284301,-0.30606062326119804,-0.3043447499405639,-1.87002158623173,0.3391120032795819,0.5316898501900192,0.4290012142152645,-0.6559734112681447,1.0709832951697338,-0.4337720387598941,-0.2503608122544501,-0.2644439532173762,-0.8242622794870379,-1.3186131567386052,0.07230672573953274,-0.6461872959366509,-1.2816913591723946
0.30667945764565496,0.11433420682842312,1.7356372605439625,-0.6741580053301552,0.44779439601734244,-0.41002424910754026,-1.4381519269104284,-1.5816226032734308,0.8527112224814382,-0.002329618099476697,-0.1291729748379869,0.6096745231901536,0.1651015461690337,-0.45405737806931723,0.31230413538373986,-0.12088101199912672,0.6162924964011476,0.01019940796283131,0.32183864723246186,0.5348494197436496
0.37718180970804427,-1.3027440964166446,0.5099004474870367,1.5080662270377487,0.5050089454908461,1.6157002845583597,1.251852284329358,1.0979698237487021,0.5407149826186869,0.009049885293281889,-1.0493513234268061,-1.2981766568783264,0.48928701496224236,-0.8016584663169962,-0.2522985036433096,0.7821913093435875,-1.3306025142027667,-1.656064036359459,0.6202001995556534,-0.21830908848079353
1.030636556299724,0.12861838293080424,0.7255478229960214,-0.22681969014268955,0.12982303524122432,-0.43247701006397404,0.8629028391712187,1.0188075117953943,1.402333288747567,-1.4449010491766638,-0.12877445641998617,-0.872969396624879,0.054373578099133214,1.5750697464143633,0.12564048271459635,0.20893855488421412,0.4143473479564989,0.2070930164072365,-1.649113466723855,-1.574365098638251
0.9813601940985818,1.4259266633485073,-1.5120751157031784,-0.5275187867546884,2.098325949885358,-0.8360760458732457,0.48063687236181024,-0.45864091865955836,-1.2406631291248362,0.1486329208243615,0.48914019941127407,0.6441001461155234,0.04708439869050861,0.09512947562104268,0.1978148905823955,0.04214892012096059,-0.3399393840964046,-0.13970142897100776,0.7679748726080076,-1.0354282302077957
0.8504206564841345,0.5839524992380777,1.1192848163742368,0.7495119174415134,0.0005455452808447213,2.2107568893964937,-0.1678588609353437,0.29332882626479956,-2.5203127043921634,-0.19233294932683304,-0.3451541898344487,-1.009407310925825,-0.3064794005712958,-0.7791878819949537,-1.296666965525009,0.9698084353449974,-0.1510749133935694,-0.7987395515794603,0.19179822313200287,-1.0416339928617604
-1.1224091268128913,0.734335889016006,-0.9572512086460334,2.1001369606615587,0.40615848055745035,-0.9919788860166622,0.7920151892395104,0.6463973653656568,0.313347954562093,-0.7293614256764633,1.1373762066185258,0.9902927955971765,0.3396059349928786,-1.3303868275557735,-1.4169808218099962,-0.8603745660895223,-2.5911896107296446,1.2941834056224955,-1.0119263918688666,-2.1364231531928732
-0.6702117515371175,-0.2924402965258889,0.24407624833780003,-1.6546984122516017,-1.3646834508718997,1.2445483028695903,0.3223806082101688,0.09050939854714565,0.42731522091615665,0.8193494859948457,-0.7548517098789208,-0.07040506752612775,-0.8359826400931679,-0.06960671950945038,2.043341479521494,0.12931361827984708,0.9895793532949371,1.9857452390730321,0.11739229013805627,0.37866627413425763
0.6696885192063563,-0.33442087841627754,0.40189881690168777,0.6463965875324946,-0.19971421663563982,0.6315512760158437,-0.6486696601558969,-0.9824900435172752,-0.7975277049458154,-1.265721418715963,-1.3783850957667114,1.6472135678084967,0.10443772346964568,-0.3501635133128436,0.5115035644978961,0.1947002942024071,0.3801292742999926,0.21683777837857582,0.3867724419757119,0.9678825346153808
1.2032125599221992,0.349964385500696,-0.5025370200053111,0.9543173652247249,0.5452257976791153,-1.132701013051902,-0.5725529493124958,1.2275312240167695,0.04574685927042607,-0.615195230321453,-0.2925138669958816,-0.07200355101019615,0.5596474641414468,0.5885538792614097,-1.0120236541008867,1.3341101884160855,0.4448909100156096,0.6721491617504523,-0.7299439637989179,-0.8098552066263968
-0.2953630129153486,-1.244640850676003,-0.7135869461660321,1.2134891481192025,1.00816059200838,0.12608678028166911,0.34326628858336106,1.4715978893872907,-0.11517051072562666,0.7646795949766679,-1.355146480463748,2.9211921196990387,-0.3804738384723328,1.672706330190882,0.12874646854727972,3.215481264176739,-1.9641520063614963,-2.7598186947659222,-1.4427871981763052,-0.779994945442664
-0.1617001650004072,-0.5734952448439012,0.27635596217016556,0.7290575491966872,-0.7441219602049977,-0.693830461964119,2.085729699571501,-0.14419016690213313,0.2864076538148724,-0.9199784325750952,0.30781107218628234,-1.7091989429555894,0.23987151955599448,-0.10549378191158625,0.21766002216257005,0.12686875786306875,-0.8334360497620907,-0.7051026614500201,0.21774850072338242,-1.949374424033023
-0.8800082688866426,0.028952774787373,0.4165296024603871,0.8263202552155782,-0.22631666323538216,0.24653873068913568,-0.12959962488723492,-0.11264040206468114,0.45951203113321326,0.655736705822076,0.5776053696375844,-1.945935704886227,1.769065374480986,-0.25054827932263835,1.6111018741110708,-1.6854044801666275,1.3185741669936757,1.0973196233770888,-0.6805874237061558,0.700934952771242
-2.4329232403880576,1.3478928098650294,1.371087592105516,-1.4669968648442837,0.13036431757405298,1.8638049928720308,-0.12932904219887514,0.49446460618891747,2.078771962868056,1.5264012737183175,-0.8412909071353416,-0.13424687339105296,0.4688376225937073,0.3916783124625721,-0.7708873562092623,0.2832979396158559,0.5371612290692207,-0.6747418274365358,0.4308383233377944,-0.1646005690687627
-1.0420622784211766,-0.24981950815922027,-1.1889776238518972,0.6972381494274009,0.38576470233265825,-0.864958439715394,1.135163088408557,0.9309152731751098,-0.47402643811626816,-1.081462900455062,-0.7855795241450619,0.04058494119192383,-1.4742616438095368,0.7513752957285685,0.632822352385016,-0.08165307600313258,-1.8923438244732353,1.4753317562953323,0.1629721370760677,-1.7300112283003344
-0.1571606968162801,-0.15442493390509268,-1.410567785569006,1.9382143827308105,-0.7840586515469643,-0.34833848113576993,-0.913192510589901,1.6044155964489302,-0.8863847268773777,-0.24274779485672562,1.255966421675038,1.2870307815216007,-1.356563058974157,0.7680189178027318,0.891535370942426,0.14160360347288467,0.3546623316012513,1.2148563656911424,-2.128001460749505,-0.39820643542522316
1.3958568968593437,1.6740683145830655,-0.28252492191568057,0.7173522680715361,0.6934957634558097,-0.4969443280299014,-0.14172789917403497,0.3298132870680151,0.28376780727464684,-2.089978549355382,0.8268620394587787,-0.9089484451090974,1.4395517574784875,-0.019968466097503187,0.6693660263521162,-1.9027796323122868,-1.0447811680709045,0.6814572140871895,-1.5598986952268756,1.4351885787149152
-0.39665755027685645,0.9340093816515069,-0.591570203442116,0.492776435071418,0.9849563896918395,-3.7926959831943643,-1.8821018737273643,-0.18700966646051606,-0.36797533898181706,1.0934442674665306,-0.555229270799592,0.30549043115162766,0.24038586725646846,-1.489893127323281,-1.4816480819605815,-1.4004464211897958,0.30932342023574155,0.658679431506302,0.3564658137267473,-0.7507171321756676
0.44055534442213107,-1.723187169273554,-0.009512890382251914,1.1609580981940713,-1.312026436572058,-0.07884763643348686,1.0343624352368421,-2.046714051065749,2.070361855972766,0.4874524525044509,2.497232562933957,-0.2546871546374298,1.4916645718653818,-0.9464211591488706,1.007478013969203,-1.1611462792953262,0.8633611208874828,-1.1690058698114445,0.42914913257202025,0.27740074044915225
0.7972691998992731,-0.3499682910487023,0.14191183725370649,-0.04235091909017894,-0.3939400152150144,-0.19549788536038804,1.207511295499047,0.20405716689191505,1.8635923984623615,-0.16708012882597673,0.3664638265068852,-0.24328958645149595,-1.3302619683518995,1.0493180387445966,0.40136209987455373,0.5569294425493581,-1.4590105466734458,0.39327071207681313,-0.46584508451095685,0.1774521770435121
-0.05173489111852033,0.16656675267037485,-0.8066273819342804,0.6317839984509688,-1.6979381989822186,0.24167322044417225,-0.48249888629450277,-0.6203739178246632,0.5729649002451114,-1.1838614208651146,0.5376116172086708,-0.31989649650815133,0.9123591826566181,-1.11717569880612,2.8158066351014246,0.06324956007061622,-0.6360157457316629,1.8713190483501345,-1.3158425206036504,0.27811034131078327
1.122256919278378,1.0411190211555401,0.8292529202965668,-0.6865437603205665,-0.6001642100426152,-1.741755235176911,-0.903797189937401,1.373776152206394,-0.556726331639006,-0.8298824479823997,-1.502949429448731,-0.8643309920962859,-0.7137690276728128,-0.22183079010292436,1.710721687115955,-0.3180576646894957,-0.6805454543746429,1.701799198298667,-0.5253007813491412,-0.21754223543866671
-1.5315096089715647,1.6977077881152223,0.13292358551153158,-0.4136800467828672,-0.22365929032947673,-0.6335771980443995,-0.014465404554153129,0.037753125256145714,0.70959352011281,-0.24017756794475514,1.5597609678030808,1.105754526235927,1.180359842970946,-1.006068681869884,1.4866344948536168,1.494812290373198,-0.4272154882298881,0.2177658763112601,0.14224915089776993,-0.4940746132571534
0.973380579244825,-0.03256587894121673,0.6602376041933218,-0.8938567526461343,-1.5568057364724976,0.5635211332453882,1.5780598752961779,0.878598203566845,1.252710846241884,-0.1572425890357683,-0.5189549542497847,-0.7910310063123056,0.017649570742864943,-0.46480132750169034,1.224295944150296,1.592502034044974,1.1264961939483915,-1.393811119847995,-1.093745169383818,-0.7047612485193571
0.7904176407603442,-0.7709516090676136,0.17684966355559015,0.09571413290791154,-0.9912125610352166,-0.8402529395908699,0.8857739635954108,1.8032901139283066,-0.16739797368127973,0.15773210313375435,-1.3364527691897539,1.2257611888418292,1.121818775217345,-1.768938624190925,-2.553781520340272,0.0842237273965665,-0.024570108827035746,0.8932592585994836,0.3596626087579452,1.2191691352755012
0.0324828535721715,-2.3841519004395697,1.0323643778104086,-1.2150312802428447,0.07180549156184397,-0.529537914762844,-0.5158874453185538,1.8233848885511443,0.04032536746900663,0.21562897545715198,1.2608009960677793,-1.0957335007872184,-0.781996980512188,0.7265170657290377,1.4048261472788324,0.17860688188713578,-1.5961418633407167,0.46337105590678385,-1.3314116379581735,-2.003965675929074
-0.05423963805547157,-1.0659217352363601,-0.07056784310141549,-0.6117529075763586,-1.0705227311618228,-0.23109882456377678,-0.6103236655971773,1.283685181098237,1.4242036730566323,-2.7451755064204075,-1.5918613037314775,0.6496003784435188,0.753074349591025,0.2629975725300468,0.07727090831975433,-0.43558688038226223,0.12676089854780945,0.8249524525058102,-0.6855603714947648,1.514262902729117
-0.15077488176035236,-0.08375268168970756,-0.6006122889080936,1.4973318811873273,0.265529955234203,-0.12592803916511075,-1.5988603071412004,0.1788770868691836,-0.09229397507286476,0.9220338025401982,-0.4632884522446599,0.1970725214699844,3.426493345678785,-0.6381865075011393,-0.2791766347403063,1.0009530486194493,0.8793621000290945,-0.2962647943487152,0.5514978151991607,-2.350559964836713
0.741306612274086,0.09720102411435214,1.6435129102835537,0.28053288573182644,0.2588184390281004,-1.4916282745053187,-1.475751111781739,-0.8636887287471189,-1.6514261239440173,-1.1060845414715523,-0.0344956654121313,0.1677260490058196,-0.14147387707785167,0.45288039737460145,0.09104598021515775,-0.9782274446739676,-0.576356959316411,-0.29549372129385154,-0.43417469900712896,-0.07491310260937435
-0.35247793977588604,1.0964377043038809,-1.327245028686973,-1.6509178105005788,1.0490486659173281,-1.182466232151252,0.7032260758276659,-1.0687616171716046,0.666921184812775,1.4088466232101695,0.32326859016954645,1.850642892136767,-0.2522421778989888,-0.9181971661310048,0.09502767876309322,-0.7092403688952533,-0.24652198644938128,1.1405544548011568,0.6644882243968806,-0.15112821034706897
-2.361305545248596,-0.9708569536347033,-0.5415273403124784,-0.4334508486603402,-1.4674996450538296,-1.798444411949081,0.8249378771146743,0.334296612184615,-0.7427564773404242,-0.4556179894873229,0.8045799615456048,-0.12165655675161734,-1.9503260694071112,-1.5955107389872978,0.23051343247220288,-0.10128271119973752,0.5089685760600623,1.742283956044835,0.15323337879998938,0.772347110713017
1.9668966143192526,0.7441619771467668,1.2780324071965687,0.5210936230151053,0.36417625573110046,0.5584383274885001,2.0140233393704174,1.2298535658136585,-0.5163651339042314,1.4076731836434693,-1.2669403709870162,0.47056969688210926,-3.3807458482900623,0.04594919544684645,0.9562004798122657,0.25968817413356915,-0.6275976261818521,1.7278567638898805,0.5291211593407171,1.8477295773491638
-1.3905967378595663,0.31494489643568563,0.6144687397219907,1.8831446628191857,-0.39938939945426133,-1.870678225747694,1.1760404568534708,1.0535014028684873,-0.4453030931465351,0.5411193807542178,0.5114194111540772,1.8791752483067339,-0.07450879601588689,0.1457483246707793,-0.3217292952567382,0.8007737377125852,-0.955418838313564,-0.885948935634385,0.8640910998835816,-1.3581544716491414
0.8174242237803292,-0.6783360507526428,-0.05905600151830868,-0.34780735445494576,-0.5297463425975191,1.9628792981661212,1.8556731793183086,-0.8345490022616304,-1.9170737847563804,0.29166560482251735,-0.2529313804535532,0.14635521125290565,0.05199762686696339,0.810674237142779,-0.8020921791418246,1.3125879540263168,-0.7608630732400011,-0.9479996213795067,2.7423907931583154,-0.1290270932826509
0.35638217476422196,-0.10666843238652385,0.43753796541454304,-0.12431692077391072,0.04464581442598643,-0.26561550661421474,-0.460518779273071,0.4757924680807878,-1.9814612484290712,-0.2892554164171091,-1.9644788881335264,0.2858125966370785,0.18397813558556672,-0.18727601069169858,0.7250836965986573,0.13239949925628292,1.6965968987996392,-0.4507379261308636,-2.446399930287679,1.9958395210704267
1.4991046281431142,-1.0947655577740127,0.5637021193024436,-0.48203185243954755,0.734657071307433,-0.11407697645946836,1.0400925991384662,-0.6262233459102279,-0.7615616223418104,-0.12208583744728276,0.6515421429817455,1.9005745658908508,-0.7122914562055191,0.5158898052116531,-0.4578892203519145,-0.33044588420065985,-0.26089863614578834,0.6797338448731343,2.072907763818336,0.5223480726545239
-0.5015923809908713,2.9009162784167897,1.3503712780882433,0.9828299041377135,-0.4200596846547954,0.04011450020044818,0.1693740985210164,-0.14147953714799918,1.8481290383610203,1.337749303603105,-0.24860564767955115,-1.0788173452605807,-0.9530504195133788,-1.2922048482835482,0.15212420146860062,0.1431898665976717,0.8679615446972494,-1.1496107321516176,-0.19526103738832704,0.10949518933656066
-1.0985087721349893,0.9589034074352706,-0.004411951531955063,-1.0388529477389885,0.14034969546272605,1.2271122551735016,-0.328196219651192,-0.31663302922612313,-0.6708682026775338,0.40255733904646473,-0.44415279644218714,-1.4278896617158765,2.0098892862938404,-1.1633543972845566,0.8299030482636844,0.7919928818880558,0.02210425559190656,-1.0220967087295998,-0.5741881754186845,-1.430306083421645
-0.9004494337823351,0.44434317853869887,-0.08151300727740358,0.3914639637841806,1.4524257805797967,-1.3867113474596011,0.6910850806503118,-0.3873987955656094,-0.7984809833839559,1.6153868661299404,-1.6069433136954427,-0.6225618384850508,-0.3080710448061369,-0.9095419185085769,1.2228016964321116,-1.287428043536798,1.6318649066784785,-0.15379959787642433,-1.102164841131036,-0.37654718409890137
0.36797459229966106,-2.1956292356526554,-1.0105050668091708,1.098305414240677,1.279509175721049,0.25372594504534124,1.527018195602047,-2.2068685373133534,-0.1615472162359967,2.2978285358368082,1.7477099586723466,-0.8113570234564675,-0.0921704283118081,-0.4740829642990294,-0.692789986990488,-1.059733470687748,0.2702582416815703,0.1061249816288941,2.556237020881442,-0.6387377608643242
1.5835411916237623,0.19295941758062463,-2.461847471918582,-0.5043397340101504,-1.3631222178547908,-0.0014612601305107227,0.7200785820088795,-1.5596680581093403,-0.09431638907493621,-0.17004811128487532,0.016337877480139505,0.6371219542309446,-0.44885760698755434,1.126832428147987,-1.1369893571490335,2.10858379425308,0.479050275963377,0.2345100615349146,-0.10594722123444049,-0.12956093709320604
0.9786009951168244,0.3833653695021927,-0.4863709127776117,-0.9908140606901187,-1.717060223687931,0.2548440283579331,0.8817188008667024,0.793550337830844,0.5699041851204408,0.7446144262468736,-0.372586141880267,0.02858155480293447,0.3510973140894728,0.47541089754060734,0.8161801868529086,-0.2087331462337717,-0.7450619446640103,0.21803142961060018,0.5423146146009443,1.0932908665602419
0.31658510060011547,0.018458440645520425,1.3622923247241543,-0.5364575623470537,-2.809423049451118,-0.2519833299214137,0.7724652620122053,-2.1827701606821583,-0.040899018452364336,-0.3416520038160425,-0.8788997233320213,-0.7095323585335492,1.0816509469955458,-1.5083302986108007,-0.11303967096518966,0.5246367164009751,0.3920408001460497,0.8530701468992785,-0.04585905359187686,-0.007375757539666158
-0.8988007666268143,0.6660848425540634,-0.04146519492711108,-0.6225319340228977,0.34693293502079386,-0.5128314560147215,-0.4901645282484942,0.941127595486292,1.0970320961549576,-0.22195213091721275,0.6718294752172667,1.7765302134514582,2.82426736148254,-1.2305810177859278,0.09363383659374559,2.439551326338698,0.6875306177281855,0.8220430473802691,1.1570547217883336,0.032491459024030424
-0.13228150205730008,1.6061151640524225,-0.4008136472963676,-1.1408735910542123,1.627959961939278,-1.224801245433298,-0.13086672039696862,-0.2693404936535268,0.6878324703457649,-0.8880558394943971,-0.2685231114983919,-0.6523329517087227,1.1746413946954717,2.3515188188995753,-0.8301753500751264,-1.5514493988760925,0.4156117881150883,1.367869802505913,0.19026422840863824,-0.6912095148442068
-0.8044725863355536,-0.2853295669854247,0.6313427781252011,-0.00702435936520814,-2.547382422877294,-0.7707915112156851,-1.0375500506748727,0.08801781473420817,1.7941647615792222,-0.7218417452514782,0.3789210740338742,3.3955102707160454,0.3290763425624865,0.678444630355926,0.27946837700028443,0.6333389590411764,-1.0067368388884663,-0.8149838521370737,0.7852419520783117,0.2772701683968436
-1.3111425776644245,0.014069281796690512,-0.17337913671106597,0.5935653411577372,0.12483355138015016,0.4126733927062962,0.15722670619966625,1.6921729640307506,-0.6711959003772205,0.19106411111733534,1.0243634961651051,0.6045809812490803,-0.21039506665647606,0.30725252558991184,-0.2027719358704287,-0.7903789280938535,-1.378782783336587,-0.13699783727045978,0.3246329791349005,-0.30465155285147283
-0.6321898547831822,0.33531143161572785,0.02121707858253533,0.5419570501895057,0.8594607795714548,-0.004028140713084761,0.631405856821132,-0.31187367194683957,-0.08608115526305805,-0.6197777125109329,1.121813620837652,1.3803138610938697,-0.3045813469056364,0.10725048465413464,-0.309479923520709,0.20530465650866608,-2.307948636243279,-0.01287829285921186,-1.6271650043206156,0.5566157632749827
-1.4592819773713015,0.8788914364974545,0.5156033733689278,0.9294432158432967,-0.08964787715757569,0.3388789297866267,0.6732239442077322,-0.691511089807103,0.09567752672012036,1.4389805425335884,0.02885089813250609,1.9829824623635977,0.3779800266198394,0.6049061417467557,1.0313173027825167,-0.6780051074450866,1.850204100863736,-0.6292213257392576,0.7598334066942402,-0.3232899844486762
-1.2954729483116707,1.0667802699372262,-0.280027009780973,-1.4308425653246146,-0.09683205843025447,0.3978203168580316,0.3513371969416426,1.3836344690873905,2.588839789286729,-0.449557948233883,1.292601649373155,1.296868865015668,0.5362632998611989,0.9602376743598441,-1.1090077968871157,-0.5300761126154797,2.3943926058824205,1.6086919950496188,-0.3607689267973818,1.3952593826494915
-1.0446359773479283,1.2857216747107374,1.6138672316365563,0.5967050632140972,0.39634337716701573,0.01671971163987989,-0.7890988397393371,0.8678029492994532,0.14315596941870554,-0.6624642081624773,-0.4145287760302694,-0.027220784882472666,-1.1000266556883953,-0.15286026489840635,-1.11577848393881,0.31288035674867637,0.5719300276190494,0.5007186688348498,-0.9103036729949062,-0.623243450185509
-0.42036235356439444,-0.9017874839625731,1.371308498678881,0.8599326609666715,-2.0272653894712183,-0.9258534677183717,-1.2626606750354172,0.19302769934805245,1.4470565550650931,-0.8676265333766383,-1.2827207434344323,1.306246897700311,1.0854247447887935,-0.6885389537034466,-1.267030949026791,-1.170748196455785,-1.2757416250933826,-0.4431980353949949,-0.9369671777381448,-0.9809413049686402
-1.0195766791819478,0.6790670963278614,0.37324607292842504,0.637357637087371,-1.1179531438954744,0.11248938927868281,2.798735726989569,1.7707510540602858,-1.1603432929100854,0.31603852285158784,0.2890197564015828,1.597009595107625,0.0015204386549547793,-1.8132513693403869,-1.0262414185399094,1.921082567941202,-0.3540050534304404,-0.1278371081558235,-0.22998148399491417,-0.9755788078133754
0.9068853980628455,0.3087352977942562,-0.5235830033903953,-0.8481694708021753,-1.5546875998657872,-0.5817839303734534,1.4861033677403839,-1.1074317123862298,-0.6595688611097283,-1.2795663537110462,-1.4778431889721213,0.5726755644281537,-0.8349502354374964,-0.014562775777601091,0.7539194648168036,-0.6711633732685651,0.26814810802594874,-0.2541680138013348,-0.20324678808665209,0.1030105805704032
-0.7548219075293283,1.867305781372476,1.6900293797231092,0.19059746182021328,-0.26575104700948365,-1.2212451780495783,-0.806220511399641,0.7704705307158429,-0.16815161607293516,0.6106023836243613,-0.02641583254244094,-0.8394593881288055,-1.172229484344468,-1.170839530260104,1.3221201345188225,-0.014147924470880984,-0.46074128794044683,-1.504655039498752,1.2073310369121841,0.048398358544074566
2.004460232191667,0.044008573165837644,0.9300195456612308,0.660306609989144,-0.9646661132431507,-0.21954283096159857,-1.473891311791595,-0.6623300250460669,-0.7446245727029311,-1.2271491219633055,-0.9597976049196919,0.05123105510159303,0.19392799805161287,2.0143704582442217,-1.4360554560302345,-2.1874136467220624,0.509796987224296,0.6183432270019135,0.6457497658683622,0.4941237926684009
-1.3734507883191724,1.0073083453697074,0.7094984390066542,-1.8896582741367716,-1.459280453752051,-0.7115231745598164,0.09114971035867148,0.6187825270207851,-0.11917026674261032,0.7308816558988691,1.2327113820428064,0.5952737110854643,-0.6054794351455517,-1.150955532098438,0.33606451234032875,-0.9927172999856293,0.0003465807411906804,-0.8137540293616827,0.2266018625303611,-0.5028696238295529
0.9342957490974416,-0.4300634411527202,-1.7876435153793762,0.30197950729699896,0.24892420133989523,2.2342403080042867,0.3963698882608141,-0.06964457583471358,1.478993336959712,-0.31932301283201614,-0.5404038227473569,0.6532342592929926,-1.658358646216674,0.006697612462670784,0.4799713612912037,-0.038282269630823235,0.9207475028820202,-0.6775500583286216,-0.2863934721262208,0.4349859980997678
-0.3808525544404567,0.5768129975636227,0.16858638865329953,1.7876117370339704,0.5437166875934681,0.07883238919032655,-0.40959796407795135,0.2692710153915439,-0.979440289787411,1.349049471581083,-1.0145398846275473,-0.9860302072285932,-0.6474120757139249,0.7009598849397574,0.27742742894681705,-1.0138129889092984,-0.6208138673410813,-0.27017717256133233,-2.4209770231976973,0.9321195803171298
0.2703824826242804,0.027397379982541596,0.22388001320573062,0.3111280731902714,0.6834326658329692,0.2163011454137048,2.6697245560250185,-0.3978460526466689,0.5454735539365461,0.4829546878262222,2.4172466502614975,-0.20665924578758801,0.009364187667656208,0.4725090583843097,0.8557703272970018,0.07862764525138001,-1.3091769408624938,-0.6090820968085309,-0.7433126776658303,0.5981161314947555
1.05928883104933,-1.4210626135744224,-1.8116667655821495,-0.5917913255156069,-0.048976618961491025,0.9848410431450763,0.011271226485076091,1.7252848056199623,-0.3710749912785552,-0.3853199431224024,2.6054810875109156,0.5609127552311519,-0.4806154642225275,-0.2289892679500802,-1.6459495702217193,1.6679173746505078,-0.03501386954644863,-0.1505950218953152,-0.1090625957784994,0.38498636601528946
-0.8744526972407273,2.241959697262344,-0.8219063940916005,0.22309474828487058,-0.02118752782196526,-0.6163545966692063,-0.47116646621669983,0.10460024616986964,1.1090091069947239,-0.6677030449047766,-1.6408155487421086,1.5815955134487845,-0.9542275225751475,1.8594200554189466,0.8519265786147913,0.22729602132018345,0.35646801275302187,1.882741168639561,1.1343012646226325,0.02486168986861164
0.14646178751664501,2.336282373119788,1.6366812612417043,-0.761039136594232,-1.5377459591639557,-0.809646563230961,-0.38048722665614193,-0.3945560110148254,1.6003862447869734,1.4552055242471407,-0.9095147753181675,0.4469589301639583,-1.0917201335170432,-1.0047712244742457,-1.4211701775037469,-0.38335576875388544,1.2152882568715762,0.04499212834321098,-1.1592217693565454,0.014914256577736746
1.2308040644802956,-0.7991959537155053,-2.244775077734445,0.21225760847724306,-0.42581867254178185,1.7057165745301124,-1.3041059648250224,-0.0015969263263364353,-0.047600598054220115,0.9178890758706504,0.4887066162298695,0.40431444883146683,-0.2810383416612354,1.620635483113378,0.21848440935132027,1.4978794522656271,-0.899775748503102,0.5417371211600034,-0.3407255344362512,0.029849016822909583
0.3366596898437059,0.04764247412490819,-1.2801823329451367,0.24117371493133902,0.9659510849882242,0.6681996435543162,-0.5907601324609559,-0.9892956677137859,0.33443852848004907,-0.9216152413893188,1.0079741741919028,-0.7067000585977409,-1.3011076818931966,-0.19310869294916327,0.653097951819597,-0.1092860458056196,-0.11655997381171145,1.1998498617731321,-0.8553922134900287,2.413575255278147
0.9267835113080775,0.2505775901330371,1.6789403853335974,1.0255281303272523,0.6529532033257286,-0.8982783539344685,0.6113803419889424,-2.4522810617684367,-0.10000930092229876,-0.5542868631231468,1.5644057021334223,1.142518873696526,0.22199358064886152,-0.6111991626347155,-0.3655551615843835,1.6604855117607307,-0.6093293776409288,-0.6003235831306518,-1.1398042146248382,0.8208869159629706
0.4400721628708623,-0.9790922436964725,-0.852905559652828,-0.8011049023311496,-0.825933652750617,-0.011646671302725939,0.04218663669590886,-0.4833533098306838,0.029502331551108978,-0.24205197669522713,1.1471106833006224,0.41193962913217125,0.2633106912518556,-0.05260211280552137,-0.6258523322318992,-0.3907881187840414,0.06519085313899294,-1.0166667537520133,2.5211006225174892,-0.5262935331559551
-0.8147257859121646,-1.1858167955946943,-0.021444586616382873,-0.08277932260681244,1.4635512749602078,-0.5002386234323101,-0.1193785415296383,1.3910373519065522,-1.4675480352333004,-1.5003059352239114,-0.3672597670784827,-1.067910178524413,0.930710761633183,0.2717690981003689,-0.2669082150508671,2.0090333042613238,0.01432737304270296,-0.3948436817325453,-0.10232109260776973,0.6118659567346935
-2.400895727767158,0.2711948017111881,0.2237517621885156,-2.18912206093893,0.11497600487169067,-0.12211086327379142,-0.46456636908518106,1.5166238294098575,-0.06459037567424557,-0.15776723730900882,-0.5743917544030648,0.8959565753318093,0.1647870879142262,0.13701713055442902,1.0220185530914312,0.055771422521008134,-0.5622560714242083,0.20151166182191535,0.9287546626184768,-0.4528316805801042
0.9321319416019374,-0.007539537837316493,-0.9982392956470679,0.06770416030643352,-1.5873485027399967,-0.13368271339375257,1.514634215949348,0.580300253183336,-1.447187114627036,0.6428773609934854,-0.4452682004541598,0.7636268696738754,-2.124797797966406,0.7594839257820145,-0.4181356084003942,-0.8213006800094388,0.7817646164588409,-0.7515018102255117,-0.6539833022809468,-0.8294084832830759
-0.1377470273824604,-0.38431187174536546,-0.4430822801797092,0.55642472509993,-0.6246620481627211,-0.7569854318433447,-0.4541783828560972,0.13439370734037592,0.4073243662348869,0.16070683936540325,-0.7512091152449516,2.0787859677591913,0.3505823847743918,0.16728472999264404,-0.5054296410047555,1.0045046455520594,-0.6812243081912777,0.6152799615269977,0.41035119708677487,0.4403273620307266
1.024404601938007,0.338028931416988,-1.5085209147238072,1.3693489840402782,0.9445909025219265,-1.0499373783435735,0.7418268531747099,-0.6641117458782824,0.2926041565054593,-0.17474480975214118,-0.3274268839983592,-1.4921757664677031,1.0880301087140474,0.03215506075166382,0.40122316907675615,0.7402753839586096,-0.2152914929097142,-0.06277852558124285,0.7709559672651053,-0.34897513210350845
-0.7327567047563877,0.2099350971210313,0.02182854455778997,-1.326341373405432,-1.6807424158298956,-0.18296155860557572,0.13235164330958146,-1.246353534139131,1.6222553157678445,0.07848942387772397,0.4471040297955218,-1.3078966821496572,0.1462329844797353,-0.22220722375764282,0.7995200514898719,-0.6605122277038039,-2.190374499211456,-0.13397059623215535,-0.5997113932325157,-0.7094286663699156
-2.0973291154237796,0.2766222628978513,-0.22294713615012177,-1.0274232962616112,-0.1940028608395601,-1.5325819783141879,0.16311776004293863,-0.1465936396094363,0.9256409040433342,-0.4242771735453803,-0.2952569132862717,0.4508556157306522,-1.2810136638527465,-0.10048714056206065,-0.1475971517062845,0.4961594203062924,0.9113577386191425,-2.22731955125064,0.12757449279058564,-0.4756993516569019
-2.8242444066529537,1.7838761052849461,1.2399740150976506,-0.14227873869610086,1.7497853924013287,0.06270265529032133,0.3890177891605264,-0.26918964816063534,0.6395797764657133,-0.8733820192752935,0.33399327509542287,1.1476294334049768,-0.829460565998923,1.3994831311799782,-0.5076161519011627,-0.9637568375548321,-1.378054332042064,-1.0951258515684383,0.3359599951085106,0.6026799451498794
-0.5958467911867316,-0.26032857057724335,0.45094432241289817,1.0366643353480411,-0.653906830599095,0.3298413390687724,-0.16362779318542883,-0.9750785572097561,0.1904340258483487,-0.17271659740944004,-1.1573173745000327,1.3892760001922213,-0.15869140877039492,-1.1239859192726633,-1.0707872919094912,0.15471137536309051,-0.21968070357782113,-0.5581705146806734,-0.6043864845193582,-1.0647054654482535
0.29045315182981607,0.32522079462248515,0.895991938251232,-0.8778776239672877,-0.12876981556057765,-0.5157561365401966,0.9189769834214018,-0.5282473803837645,0.7767321867000205,-0.8464669134650755,1.0850376184759616,0.0024612913009394223,0.3445291726807213,-0.7931512050376023,0.1960506702653071,0.8334768500859101,-0.29621670332387484,-0.5221870072309374,-0.5255649079473017,-0.3621753206436936
1.150150368065475,0.6818327900460683,-0.618751932877457,0.16792185320006467,-0.644101178987612,-0.6796933413058704,-1.183151929021271,0.6121384134070718,-1.2215594120195064,2.140372085885817,0.29268482008034447,-0.3599347770592269,0.8514857646126824,2.2562630358050164,2.2662457375216727,1.2853431319120217,-0.1681133065135102,0.46936608137492025,0.2738740753400046,0.24822555760336232
-0.82850126233085,-0.2874002296733474,0.8710099836833027,-1.3513114660187724,-1.1212916822211565,-1.0625292368022545,-0.7082052814874669,-0.11899858310916443,2.2537800327363344,0.6042276261711956,-0.9202931287032193,0.6092626439526233,-1.3572670210730782,-1.2505304300289202,-0.372110558638428,-0.668798250338774,0.7529455048289905,-0.0007945100958144399,1.5472000571025821,0.1195210619974207
-0.16188589215626992,-0.5305493832760996,-1.2535408549938205,0.4405053139600713,0.7071846955488957,0.1553085477326431,1.0198410681526906,-0.26412666944775004,0.2452735481945814,-0.3047662707222636,-1.2906471249035514,-0.7825001728415464,-1.2609106891195552,-0.4849062737810213,-0.05985640917439793,0.18974764518322756,-0.1838096691239103,-0.6940845163553885,1.8786085330733913,-1.6124405733393226
-0.20762218400607027,1.212650858179475,-0.22229764871321123,-0.9217133501333428,-0.017629208329978288,-1.5286573273307995,-0.5528310509382535,0.6514272707393816,0.10423389307372835,-0.8783364452026372,-2.0081552363389377,-0.11989586029805893,-1.3466595627321483,1.3645279944816864,0.2025910339146367,0.720549603909137,0.9867275426785065,-0.06881066551554206,0.9552255946872308,-0.5760123490137544
0.26892301793256124,-0.04074206217676761,0.380282562798624,-0.5702706295309374,0.996394931569755,1.4895672500053416,-1.5274553608963146,1.6414261833528199,1.104529636231965,0.6629271385053105,-1.1675701776480503,-1.6240082114982881,1.7110180310672385,-1.1449776723616936,-1.1361219264453655,0.07427845990878143,-0.18549858553849166,-0.6814501212379174,-2.0637585448200686,-0.5299453429658649
-1.0558088755598587,0.6788136029418089,-1.1136122270359758,2.5746482054734448,1.0027761229419698,1.054998213861863,1.3226304810501774,-0.23828600082525075,-1.7588112839153422,-1.0180335303779695,1.5819827931013581,1.4307655258786742,-0.9430305639420586,-2.0428359829476865,-0.7569260651745853,-1.2039051988567127,-1.8243046987955882,-0.17799123899259198,1.02225424557486,0.18816743502510339
1.058382427528867,1.4372954137925833,-0.6867555596753094,0.1643314575213832,-0.08439345380093241,0.08258841245476221,-0.4770477323123997,-0.2441490838260466,0.735921109838543,-0.5437782592612292,-0.22420055996142302,2.0373299770329325,-0.31039827293012645,-0.3004242435155437,0.48883475148330796,-0.8566790475114064,1.2648377704597993,-0.90278551037703,-0.7513370715272464,-0.22727849337421535
-1.152056635583361,1.8075281067998696,-0.17042149264253553,-0.5777850432844195,0.7140622508503162,0.09192568401523075,-0.27033841192928465,0.16507762269391665,-0.34307581906722495,0.9569072920453446,-1.0510390963120115,-0.9216071813699216,1.6580017546617065,1.5206733453860446,-0.13157926839866843,-0.9728909865514859,-1.425378414127966,1.5006347239223394,0.15632576496458067,-0.2959156989211048
-0.5061773196027742,0.44872058426151645,1.8418961263392435,2.086698281794228,0.6792423534321707,0.5051936523925775,-1.21123090101279,-0.06154240870264054,-0.08636470290651896,-0.223758826762706,0.6281824321808376,1.4299891138511585,1.193930645285109,0.6575464659016252,-0.48403175078208227,0.4680586361103407,0.028890253842296272,1.5379476514645376,-0.43735004718771214,1.9390466758008558
0.6011241811165041,-0.20709101284359988,-0.381911455087676,0.7065496850661336,-0.4506649173586446,0.9183225259223313,0.17260469300338283,-1.8558972193867396,-0.917046571875779,2.5441145444972184,0.6155390413120866,-0.3891204755917431,-0.09013028324339262,0.38340337426900417,-1.4851550203589006,-0.6499607651205832,0.18614789007058619,0.7574840726959158,-1.6271087274779177,-0.8970285229419483
-0.40930815787680297,0.7376779884779505,-1.483809239218103,0.40980272972895854,0.21076978854333336,0.7709759568136105,0.8388738164903534,-1.3741162295884237,-1.0727545210848741,0.6528269041474158,-0.7129742399730814,-0.1395674470988024,-0.26264263839945506,-0.37580889865940076,-0.6505477247667536,-1.0796621558258017,0.5932948205930835,0.1607183174000749,0.19190165172753615,0.48937393788010763
-1.3688419511148218,-1.1228313035662885,-0.6209476740950721,-1.6766699177125346,1.3941497849734696,-1.4148234804929032,-0.4633189956945863,-0.29474068026853717,0.09502810683518531,-0.6457139847437083,0.9591198323868374,0.8446110520575849,-0.6692132755777949,-1.4446100213586257,-0.37221324101225484,0.2656364683246851,-0.8096894763230692,0.13706181863203606,-0.6086689618581199,0.9260454687653658
1.1136878734787228,-0.7924905999547845,0.55190957496876,1.7700472756199304,0.7783336542155707,0.4635616811998234,-0.3193041394721015,-1.5203258827962358,-0.7197867639277958,-0.7869943909926126,-1.9540877718491778,-0.5096933382803925,-0.8355942591773728,-0.4068268310532592,-0.8476857718318754,-0.6160208492557874,-0.7235088898161071,-0.755655737176408,0.06294401361808274,1.6535318713883125
-0.9371836423408091,1.5254990554738435,0.08315034513186635,0.861148591416792,0.6502301710996854,-0.5787993298975929,3.072981206421054,-0.8676820457942164,-0.29249522647265236,1.292814413197733,0.2955008777999498,-2.507707240819698,-1.2273783579038307,0.6206341926042555,-0.7187530847207466,0.874150211686999,0.9865431663283494,-0.17215225155452127,0.04763048799015142,0.07332964463952917
1.7545194384625897,-0.8071734204421475,-1.3124346968768466,-0.21503595961816133,-0.6359265539856551,-0.18444925537412307,1.1100578652047246,0.4179261423932214,0.21386386247683015,1.622287649541774,0.2510782238556702,2.03900328450009,1.086742518074547,1.7264723355104548,1.242464820363478,-0.6349224281628566,0.48410169072528847,-0.10255719639016594,-0.9726969644948552,0.41954393362938486
0.7242037123190229,0.8127484288959759,0.3594362981306517,1.4005615224642771,-0.6973493750477214,-1.406940098476862,1.4163952154432977,-0.6571676550439531,-0.5738999114618865,0.6861704636421206,-0.6365335146570876,0.14353582427560613,-0.22464295482363694,-0.7900088024472721,-0.9746735464236164,1.5565098703855147,-0.22073915632188035,-0.052673584771507444,-1.1002230567347517,0.6192382511699903
-0.12121151780368673,-0.8445016350309145,-0.8922511264288583,1.5934081298937084,-0.4933641971660854,-0.8287378412354389,-0.125044025710828,0.48930329240324694,-0.27959636710092567,-1.6023156412927562,0.5983140884836528,-1.5041372264926083,1.9433814527543263,-0.09625225529560597,1.3308792801873872,-0.06512952699028113,-0.5898198543552313,-0.3539010430971349,-0.643913813102334,0.10433365875301412
1.1539264809845777,0.20302139460048024,0.9076420515809774,1.0562871920329016,-0.8733737279312415,0.9662171337290392,0.2662438744708017,0.4964005108446097,0.26007939055036944,-1.1625960202659322,1.0183353325607534,1.5905752511509614,-1.3508514599153354,0.07860766083982486,-1.3431864620482292,-0.41455060948444505,-1.4855732637162204,-0.3681719402606722,0.09961710334225413,-0.3019018104729707
1.6699877781234627,0.5645609809599051,0.1331313891445136,0.8732469764145956,2.2009181808724203,-0.3592510788244711,1.2692887853012054,-1.1295904277094497,-1.846704743212762,0.4960660385715246,-0.6248134634803941,-1.8422360198067702,-2.616210835007252,-1.6503691970872807,-0.40571711094061313,-0.022105459817051868,1.3805109529826818,-0.6648556358734782,0.8537988257539292,-0.18600869100066222
0.6452127396487076,0.8810158168365844,0.3507511259972689,1.789174610757434,0.0187042075032714,-0.627819537276251,-1.6502899577724643,0.9520156848245729,-1.6110847272606035,3.20998768953733,-0.743997460929887,-0.5316216250841921,-0.4621666097651547,-0.08447853293066379,-0.7264110096428366,-1.4510888941727305,-1.053930997296438,-0.1938545204442634,1.7361968587377155,0.6519676712310792
